<?xml version='1.0' encoding='utf-8'?>
<!DOCTYPE hibernate-configuration PUBLIC
          "-//Hibernate/Hibernate Configuration DTD 3.0//EN"
          "http://hibernate.sourceforge.net/hibernate-configuration-3.0.dtd">
<hibernate-configuration>
	<session-factory>
		<!-- TEST Database connection settings: 	
		<property name="connection.driver_class">org.hsqldb.jdbcDriver</property>
		<property name="connection.url">jdbc:hsqldb:mem:briccs.db;shutdown=true</property>
		<property name="connection.username">sa</property>
		<property name="connection.password"></property>
		<property name="hbm2ddl.auto">create</property>
		-->
		
		<!-- MySql Database connection settings: -->
		<property name="connection.driver_class">com.mysql.jdbc.Driver</property>
		<property name="connection.url">jdbc:mysql://10.156.254.206/briccsids</property>
		<property name="connection.username">briccs_label</property>
		<property name="connection.password">br1cc5</property>
		
		<!-- Use third party c3p0 connection pooling -->
		<property name="c3p0.min_size">3</property>
		<property name="c3p0.max_size">9</property>
		<property name="c3p0.timeout">600</property>
		
		<!-- SQL dialect -->
		<property name="dialect">org.hibernate.dialect.MySQLDialect</property>
		
		<property name="current_session_context_class">thread</property>
		<!-- Disable the second-level cache -->
		<property name="cache.provider_class">org.hibernate.cache.NoCacheProvider</property>
		<!-- Echo all executed SQL to stdout -->
		<property name="show_sql">false</property>

		<mapping resource="org/bru/briccs/uidgen/UniqueId.hbm.xml" />
		<mapping resource="org/bru/briccs/uidgen/IdRange.hbm.xml" />
	</session-factory>
	
</hibernate-configuration>
